{"F12": 0.7870536689461611, "F21": 0.8327360733081345, "K12": 0.666535312734862, "K21": 1.2045164381778666, "K34": 0.9340031362002666, "K43": 0.8352289163929677, "K56": 1.0730761098958799, "K65": 1.3751204042283638, "K78": 0.7784389498846197, "K87": 1.3794497101189933, "K910": 1.1889382684803926, "f12": 1.5490061855572406, "f21": 1.297387045076274, "k21": 0.628073416963241, "k34": 0.7009912892523013, "k43": 1.4388344417620225, "k56": 0.5228766337882162, "k65": 0.9205667827394745, "k78": 1.424148904117129, "k87": 1.206539536778537, "k910": 0.8923291417333342, "knfb": 0.9173514147714097, "s12": 2.5572583923908043, "s21": 3.1830307369528517, "totERK": 0.8955420531749626, "totKTR": 2.2798974992408945, "totMEK": 1.055842518639116, "totNFB": 0.3126241661429496, "totRAF": 1.6398818771533532, "totRAS": 0.9917307481268877}